LS,ILS,GRASP,GGA,SGA
0.929825,0.929825,0.912281,0.929825,0.912281
0.947368,0.929825,0.964912,0.929825,0.929825
0.912281,0.947368,0.947368,0.964912,0.964912
0.912281,0.894737,0.929825,0.912281,0.929825
0.859649,0.877193,0.859649,0.877193,0.842105
0.929825,0.964912,1,1,0.964912
0.964912,0.912281,0.947368,0.947368,0.929825
0.929825,0.894737,0.912281,0.859649,0.894737
0.877193,0.894737,0.894737,0.877193,0.877193
0.892857,0.946429,0.928571,0.946429,0.946429
