LS,ILS,GRASP,GGA,SGA
0.608696,0.608696,0.565217,0.521739,0.434783
0.608696,0.521739,0.565217,0.521739,0.521739
0.695652,0.73913,0.73913,0.608696,0.652174
0.727273,0.681818,0.636364,0.727273,0.545455
0.681818,0.636364,0.727273,0.772727,0.636364
0.545455,0.681818,0.590909,0.590909,0.636364
0.619048,0.619048,0.619048,0.619048,0.47619
0.590674,0.8,0.85,0.85,0.8
0.595855,0.8,0.6,0.65,0.65
0.722222,0.722222,0.777778,0.888889,0.722222
