LS,ILS,GRASP,GGA,SGA
0.926087,0.93913,0.704348,0.886957,0.856522
0.973684,0.95614,0.982456,0.907895,0.925439
0.965065,0.965065,0.755459,0.847162,0.877729
0.947598,0.943231,0.947598,0.877729,0.912664
0.951754,0.916667,0.947368,0.859649,0.881579
0.951965,0.960699,0.720524,0.873362,0.934498
0.973799,0.960699,0.781659,0.89083,0.951965
0.973913,0.947826,0.956522,0.86087,0.93913
