LS,ILS,GRASP,GGA,SGA
0.879699,0.969925,0.954887,0.954887,0.912281
0.901515,0.969697,0.969697,0.969697,0.929825
0.901515,0.969697,0.977273,0.969697,0.964912
0.909774,0.969925,0.954887,0.977444,0.929825
0.901515,0.969697,0.954545,0.977273,0.842105
0.901515,0.954545,0.977273,0.969697,0.964912
0.887218,0.954887,0.954887,0.969925,0.929825
0.878788,0.94697,0.954545,0.969697,0.894737
0.873134,0.955224,0.962687,0.977612,0.877193
0.878788,0.977273,0.977273,0.969697,0.946429
