LS,ILS,GRASP
0.551375,0.586107,0.992764 
0.565217,0.588406,0.982609
0.560694,0.57948,0.986994
0.555716,0.57453,0.991317
0.555716,0.587554,0.991317
0.565029,0.595376,0.988439
0.561505,0.587554,0.994211
0.546243,0.57659,0.99711
0.589001,0.633864,0.988423
0.568741,0.597685,0.98987
