LS,ILS,GRASP,GGA,SGA
0.584211,0.642105,0.936842,0.931579,0.912281
0.594737,0.757895,0.915789,0.857895,0.929825
0.596859,0.65445, 0.942408,0.879581,0.964912
0.604167,0.630208,0.916667,0.958333,0.929825
0.591623,0.675393,0.947644,0.963351,0.842105
0.586387,0.670157,0.926702,0.926702,0.964912
0.583333,0.796875,0.942708,0.838542,0.929825
0.599119,0.526926,0.927461,0.865285,0.894737
0.49153,0.530042, 0.948187,0.943005,0.877193
0.589744,0.635897,0.938462,0.846154,0.946429
