LS,ILS,GRASP,GGA,SGA
0.859375,0.96875,0.994141,0.978516,0.912281
0.867188,0.972656,0.992188,0.984375,0.929825
0.867188,0.96875,0.994141,0.988281,0.964912
0.871094,0.960938,0.992188,0.984375,0.929825
0.871094,0.984375,0.992188,0.984375,0.842105
0.857422,0.949219,0.986328,0.978516,0.964912
0.857422,0.96875,0.994141,0.984375,0.929825
0.865234,0.972656,0.994141,0.986328,0.894737
0.878906,0.957031,0.990234,0.990234,0.877193
0.873294,0.966862,0.994152,0.988304,0.946429
